{
    "duration_imdb_score": 0.26362448395189875,
    "duration_gross": 0.22500840476464304
}