{
    "Action": {
        "budget": 61463180.28391734,
        "gross": 67564491.28751123
    },
    "Adventure": {
        "budget": 74996080.64864865,
        "gross": 87513817.7882883
    },
    "Animation": {
        "budget": 91364374.575,
        "gross": 93473510.11666666
    },
    "Biography": {
        "budget": 25897270.74226804,
        "gross": 33214116.773195878
    },
    "Comedy": {
        "budget": 36453551.19534632,
        "gross": 44543435.00703463
    },
    "Crime": {
        "budget": 33366129.81588032,
        "gross": 35300938.07134637
    },
    "Documentary": {
        "budget": 8062434.123966943,
        "gross": 15442781.0
    },
    "Drama": {
        "budget": 33454039.21617357,
        "gross": 32340647.365285996
    },
    "Family": {
        "budget": 59381603.23408239,
        "gross": 78976683.81086142
    },
    "Fantasy": {
        "budget": 61188755.957118355,
        "gross": 76084129.45969126
    },
    "Film-Noir": {
        "budget": 4630729.5,
        "gross": 21265904.5
    },
    "Game-Show": {
        "budget": 3000000.0,
        "gross": 25517500.0
    },
    "History": {
        "budget": 39054315.25742574,
        "gross": 33412195.287128713
    },
    "Horror": {
        "budget": 40293291.164814815,
        "gross": 31247539.996296298
    },
    "Music": {
        "budget": 20395058.24528302,
        "gross": 33199048.641509432
    },
    "Musical": {
        "budget": 34560587.89312977,
        "gross": 48726702.21374046
    },
    "Mystery": {
        "budget": 30979695.513402063,
        "gross": 41140429.98969072
    },
    "News": {
        "budget": 7471000.0,
        "gross": 21798264.333333332
    },
    "Reality-TV": {
        "budget": 11500000.0,
        "gross": 25517500.0
    },
    "Romance": {
        "budget": 29480097.36900369,
        "gross": 38297615.469557196
    },
    "Sci-Fi": {
        "budget": 81905129.90084034,
        "gross": 71314790.22184874
    },
    "Short": {
        "budget": 9209400.0,
        "gross": 16881006.8
    },
    "Sport": {
        "budget": 29173504.91525424,
        "gross": 39242377.50282486
    },
    "Thriller": {
        "budget": 37065193.52052786,
        "gross": 42943856.524926685
    },
    "War": {
        "budget": 51187294.428571425,
        "gross": 35519647.2
    },
    "Western": {
        "budget": 29037953.202127658,
        "gross": 35646212.404255316
    }
}