{
    "slope": 0.033245971793577266,
    "intercept": 42500630.36168827,
    "r_value": 0.1066622394588288,
    "p_value": 6.366164917581761e-14,
    "std_err": 0.004419708450551552
}